sourceCode,sourceName,sourceFrequency,sourceAutoAssignedConceptIds,ADD_INFO:Unit,ADD_INFO:﻿Source Table,matchScore,mappingStatus,conceptId,comment
1000825,Cefepime 2g Amp.,-1,1000825,,Pharma,0.6166701912879944,APPROVED,46287349,
1000765,Tamiflu Kps 75 mg,-1,1000765,,Pharma,0.4590303301811218,APPROVED,1799140,
1000794,Hydrocodon Inj Lsg,-1,1000794,,Pharma,0.4526812732219696,APPROVED,1174888,
1000414,Lisinopril Tbl 20mg,-1,1000414,,Pharma,0.5896061062812805,APPROVED,1308306,
1000319,Tavegyl Inj Lsg 2mg/2ml,-1,1000319,,Pharma,0.1965698003768921,AUTO_MAPPED_TO_1,41095259,
1000789,Efient Tbl 5 mg,-1,1000789,,Pharma,0.33998405933380127,APPROVED,40163725,
1000666,Cepimex Amp 1g,-1,1000666,,Pharma,0.34734979271888733,APPROVED,46287354,
1000407,Tavanic Tbl 500 mg,-1,1000407,,Pharma,0.3230992555618286,AUTO_MAPPED_TO_1,42800049,
225,Benuron supp 1000 mg,-1,225,,Pharma,0.41307753324508667,APPROVED,40952951,
1000439,Beloc ZOK ret Tbl 50 mg,-1,1000439,,Pharma,0.3049248158931732,APPROVED,43693658,
10010071,Measurement of output from drain,-1,10010071,ml,Observation,1.0,APPROVED,40484209,
1000691,Disoprivan  BOLUS 2% 20mg/ml,-1,1000691,,Pharma,0.2637076675891876,APPROVED,43677200,
1000680,Chemotherapie,-1,1000680,,Pharma,0.7597578763961792,UNCHECKED,45879751,
1001099,Tamiflu Kps 30 mg,-1,1001099,,Pharma,0.44861018657684326,APPROVED,1799158,
20004410,aPTT in Blood by Coagulation assay,-1,20004410,Sek,Observation,1.0,APPROVED,3013466,
1001102,Aggrastat Inf Lsg,-1,1001102,,Pharma,0.4747926890850067,APPROVED,35604303,
1000415,Zestril Tbl 5 mg,-1,1000415,,Pharma,0.624807596206665,APPROVED,19003830,
1000382,Hydrocodon  Inj Lsg 15mg/ ml,-1,1000382,,Pharma,0.3068813383579254,APPROVED,19110245,
1000302,Fortam 1 g Inj Lsg,-1,1000302,,Pharma,0.3277394473552704,AUTO_MAPPED_TO_1,3051441,
1000263,Actilyse,-1,1000263,,Pharma,0.5803450345993042,APPROVED,40740612,
1000605,Novalgin inj lös 50% 2 ml,-1,1000605,,Pharma,0.24886448681354523,APPROVED,43698906,
1000699,Disoprivan 2% BOLUS,-1,1000699,,Pharma,0.33998534083366394,APPROVED,753631,
1000614,ReoPro,-1,1000614,,Pharma,0.6386494636535645,AUTO_MAPPED_TO_1,4128317,
7887,Train of four count,-1,7887,Ordinal Score,Observation,1.0,APPROVED,4353950,
1000440,Beloc ZOK ret Tbl 25 mg,-1,1000440,,Pharma,0.3683631420135498,APPROVED,43132872,
1001100,Tamiflu Suspension,-1,1001100,,Pharma,0.7331331968307495,APPROVED,40126825,
1000408,Tavanic Inf Lsg 500 mg 100 ml,-1,1000408,,Pharma,0.27655717730522156,AUTO_MAPPED_TO_1,41420366,
1000830,Fortam 2g Inj Lsg,-1,1000830,,Pharma,0.3166039288043976,AUTO_MAPPED_TO_1,3051441,
1000840,Actilyse Amp.20mg  Lsg.,-1,1000840,,Pharma,0.19788852334022522,APPROVED,40740606,
1000632,Novalgin Trpf,-1,1000632,,Pharma,0.41481828689575195,APPROVED,43761562,
30005010,Fluid balance,-1,30005010,cummulative,Observation,1.0,APPROVED,3002137,
1001080,Losartan Tabl 50 mg,-1,1001080,,Pharma,0.6259723901748657,APPROVED,21076879,
204,Rapifen inj 0.5 mg/ml,-1,204,,Pharma,0.4057730734348297,APPROVED,35606191,
1000785,Novasource GI Forte + Fasern,-1,1000785,,Pharma,0.51507169008255,AUTO_MAPPED_TO_1,35631120,
1000746,Glucose 20%/100ml Pflege,-1,1000746,,Pharma,0.3350469172000885,AUTO_MAPPED_TO_1,21069370,
163,Fortam Stechamp 2g,-1,163,,Pharma,0.3954532742500305,APPROVED,46275519,
1001084,Meropenem 500 mg,-1,1001084,,Pharma,1.0,APPROVED,35605999,
1001087,Nebivolol Tabl 5 mg,-1,1001087,,Pharma,0.90461266040802,APPROVED,19102009,
30005110,Fluid balance,-1,30005110,cummulative,Observation,1.0,APPROVED,3002137,
1000530,Valtrex Tbl 500 mg,-1,1000530,,Pharma,0.4942253828048706,APPROVED,19010431,
1000823,Actilyse Amp.50mg Lsg,-1,1000823,,Pharma,0.26156124472618103,APPROVED,40740601,
1000858,Novalgin Tbl. à 500mg,-1,1000858,,Pharma,0.2603361904621124,APPROVED,43581630,
1000544,Glucose 20% /100ml,-1,1000544,,Pharma,0.43390223383903503,APPROVED,36881479,
1000804,Promote Fibres Plus,-1,1000804,,Pharma,0.5151954293251038,AUTO_MAPPED_TO_1,4166512,
1000304,Rocephin 2g,-1,1000304,,Pharma,0.5225706696510315,APPROVED,21091158,
1001086,Meropenem 1g,-1,1001086,,Pharma,0.766891598701477,APPROVED,35606005,
1000419,Cosaar Tbl 50 mg,-1,1000419,,Pharma,0.3310006260871887,AUTO_MAPPED_TO_1,43584967,
24000536,Fibrinogen [Mass/volume] in Platelet poor plasma by Coagulation assay,-1,24000536,g/L,Observation,1.0,APPROVED,3016407,
1000545,Glucose 40%,-1,1000545,,Pharma,0.6397920250892639,APPROVED,1560680,
1000528,Urokinase 100000 U,-1,1000528,,Pharma,0.9494014382362366,APPROVED,21154690,
275,Dafalgan tabl 500 mg,-1,275,,Pharma,0.630765974521637,APPROVED,19041424,
1000950,Nebilet Tbl à 5 mg,-1,1000950,,Pharma,0.24790310859680176,APPROVED,19101573,
1000329,Voltaren Drg 50,-1,1000329,,Pharma,0.47289279103279114,APPROVED,40162347,
1000979,Valcyte Filmtabl. 450mg,-1,1000979,,Pharma,0.5043171644210815,APPROVED,1703064,
1000424,Meronem 1g,-1,1000424,,Pharma,0.5781910419464111,APPROVED,35606005,
1000216,Isosource Standard,-1,1000216,,Pharma,0.7989662289619446,UNCHECKED,35631138,
1000567,Glucose 50%,-1,1000567,,Pharma,0.6766773462295532,APPROVED,19081147,
1000720,CoAprovel,-1,1000720,,Pharma,0.8207114338874817,AUTO_MAPPED_TO_1,35629215,
1000838,Rocephin 2 g Inf Lsg,-1,1000838,,Pharma,0.36948490142822266,APPROVED,46287335,
1000529,Urokinase 500000,-1,1000529,,Pharma,0.9075218439102173,APPROVED,21115358,
30005075,Infusion of saline solution,-1,30005075,cummulative,Observation,1.0,APPROVED,4181715,
1000060,Glucose 30%,-1,1000060,,Pharma,0.6440936326980591,APPROVED,1560649,
1000809,Voltaren Inf Lsg,-1,1000809,,Pharma,0.43354421854019165,APPROVED,41145071,
1000471,Dafalgan Brausetbl 1g,-1,1000471,,Pharma,0.42135196924209595,APPROVED,43168241,
1000260,Zentel Tbl 400 mg,-1,1000260,,Pharma,0.37542030215263367,APPROVED,19086683,
1000425,Meronem 500 mg,-1,1000425,,Pharma,0.8296579718589783,APPROVED,35605999,
1000573,Survimed OPD,-1,1000573,,Pharma,0.5803432464599609,AUTO_MAPPED_TO_1,45877605,
1001071,Diltiazem Tbl 60 mg,-1,1001071,,Pharma,0.5600573420524597,APPROVED,40891798,
1000648,Rocephin 1 g Inf Lsg,-1,1000648,,Pharma,0.4242214560508728,APPROVED,46287330,
1000835,Glucose 20% /500ml,-1,1000835,,Pharma,0.4006432592868805,APPROVED,1560554,
1000492,Inderal Tbl 10 mg,-1,1000492,,Pharma,0.46362948417663574,APPROVED,40163313,
1000859,Voltaren Tbl. à 75mg,-1,1000859,,Pharma,0.26161476969718933,APPROVED,40162360,
1000498,Esmeron Inj Lsg 50 mg,-1,1000498,,Pharma,0.2610437273979187,APPROVED,40080661,
1001029,Isosource Protein,-1,1001029,,Pharma,0.8004667162895203,APPROVED,37109371,
1000022,Glucose 10%,-1,1000022,,Pharma,0.6777187585830688,APPROVED,19082598,
1000305,Zinacef Amp 1.5 g,-1,1000305,,Pharma,0.6001987457275391,APPROVED,46287417,
442,Rivotril 0.5 mg/ml,-1,442,,Pharma,0.9208117723464966,APPROVED,21054446,
1000731,Novasource,-1,1000731,,Pharma,1.0,UNCHECKED,35631120,
1000426,Salofalk Tbl 500 mg,-1,1000426,,Pharma,0.42427483201026917,APPROVED,21064716,
30005080,Intravenous fluid colloid administration,-1,30005080,cummulative,Observation,1.0,APPROVED,21499295,
1000472,Dafalgan Brausetbl 500 mg,-1,1000472,,Pharma,0.4537311792373657,APPROVED,43190206,
1000690,Glucose 10%,-1,1000690,,Pharma,0.6777187585830688,APPROVED,19082598,
1000331,Dilzem retard Filmtbl 120 mg,-1,1000331,,Pharma,0.45753079652786255,APPROVED,43604510,
24000666,Prothrombin activity actual/normal in Platelet poor plasma by Coagulation assay,-1,24000666,%,Observation,1.0,APPROVED,3005353,
1000493,Inderal Tbl 40 mg,-1,1000493,,Pharma,0.5479384660720825,APPROVED,40163343,
1000883,Brufen Filmtbl. 200 mg,-1,1000883,,Pharma,0.45936188101768494,APPROVED,19024591,
10000400,Body weight,-1,10000400,kg,Observation,1.0,APPROVED,3025315,
1001215,Rivotril Perfusor,-1,1001215,,Pharma,0.5604151487350464,AUTO_MAPPED_TO_1,19025738,
1000689,Glucose 20%,-1,1000689,,Pharma,0.6450595855712891,APPROVED,19083560,
1001066,Survimed OPD HN,-1,1001066,,Pharma,0.48422864079475403,AUTO_MAPPED_TO_1,35616057,
199,Tracrium inj 10 mg/ml,-1,199,,Pharma,0.48453113436698914,APPROVED,40173645,
1000437,Flagyl Tbl 500 mg,-1,1000437,,Pharma,0.7054229378700256,APPROVED,19035115,
1000306,Zinat Tabl 500 mg,-1,1000306,,Pharma,0.42803964018821716,AUTO_MAPPED_TO_1,1128871,
1000473,Dafalgan Supp 600 mg,-1,1000473,,Pharma,0.5668430924415588,APPROVED,43201260,
1000665,Nepro,-1,1000665,,Pharma,1.0,UNCHECKED,35611216,
10000450,Body height measure,-1,10000450,cm,Observation,1.0,APPROVED,3023540,
1000884,Brufen Filmtbl. 400 mg,-1,1000884,,Pharma,0.47298941016197205,APPROVED,19024626,
121,Diltiazem tabl 30 mg,-1,121,,Pharma,0.721211314201355,APPROVED,41211556,
1000977,Valium Tbl. 5 mg,-1,1000977,,Pharma,0.3294471502304077,APPROVED,19004471,
1000991,Stilnox Tbl 10mg,-1,1000991,,Pharma,0.48386281728744507,APPROVED,19016922,
138,Sotalex Tabl 80 mg,-1,138,,Pharma,0.6000641584396362,APPROVED,43207131,
1000489,Perfalgan 1g,-1,1000489,,Pharma,0.6275137662887573,APPROVED,43739436,
9990002,APACHE II Group,-1,9990002,,Observation,0.6031656861305237,APPROVED,3008138,
1000822,Tracrium Perfusor,-1,1000822,,Pharma,0.5826649069786072,APPROVED,35603046,
1000714,Freka MIx 2000 ml,-1,1000714,,Pharma,0.6538323760032654,AUTO_MAPPED_TO_1,42066046,
1001049,Dexdor Inf. Lsg,-1,1001049,,Pharma,0.5078591108322144,APPROVED,21174040,
9990004,APACHE IV Group,-1,9990004,,Observation,0.5221064686775208,AUTO_MAPPED_TO_1,4263565,
1000234,Zinacef inj 100 mg/ml,-1,1000234,,Pharma,0.3804752826690674,AUTO_MAPPED_TO_1,46287421,
1000885,Brufen Filmtbl. 600 mg,-1,1000885,,Pharma,0.47855475544929504,APPROVED,19024658,
1000719,Amlodipin Tbl 5mg,-1,1000719,,Pharma,0.5756570100784302,APPROVED,1332450,
1000978,Valium Tbl. 10 mg,-1,1000978,,Pharma,0.3393656611442566,APPROVED,19004472,
300,Metronidazole tabl 200 mg,-1,300,,Pharma,0.8284594416618347,APPROVED,19088705,
1000490,Perfalgan 500 mg,-1,1000490,,Pharma,0.6385089159011841,APPROVED,43863818,
198,Norcuron inj 4mg/ml,-1,198,,Pharma,0.4346970319747925,APPROVED,41182645,
1000847,Dexdor Inf. Lsg,-1,1000847,,Pharma,0.5078591108322144,APPROVED,35603036,
85,Nepresol inj 12.5 mg/ml,-1,85,,Pharma,0.5265510082244873,APPROVED,43747331,
24000637,Coagulation factor V activity actual/normal in Platelet poor plasma by Coagulation assay,-1,24000637,%,Observation,1.0,APPROVED,3005757,
1000805,SmofKabiven NL 1500 ml +F;+E,-1,1000805,,Pharma,0.5230076313018799,UNCHECKED,45961915,
1000315,Ciproxin Tbl 250 mg,-1,1000315,,Pharma,0.566260039806366,APPROVED,19006832,
245,Valium inj 5 mg/ml,-1,245,,Pharma,0.400550901889801,APPROVED,19024263,
1000401,Tora-dol Inj Lsg 30 mg,-1,1000401,,Pharma,0.387364000082016,AUTO_MAPPED_TO_1,42019778,
1000270,Norvasc Tabl 10 mg,-1,1000270,,Pharma,0.7400716543197632,APPROVED,1332442,
1000683,Dafalgan Tabl 1g,-1,1000683,,Pharma,0.5555275082588196,APPROVED,36782283,
1000509,Succinolin 100mg/ 2ml,-1,1000509,,Pharma,0.38812190294265747,AUTO_MAPPED_TO_1,41013324,
181,Metronidazole inf 500 mg/100ml,-1,181,,Pharma,0.7000903487205505,AUTO_MAPPED_TO_1,1707403,
1000475,Phenobarbital 200 mg/2ml,-1,1000475,,Pharma,0.7567132711410522,APPROVED,735018,
1000477,Regitin Inj Lsg 10 mg/ml,-1,1000477,,Pharma,0.28787732124328613,APPROVED,36883129,
1000806,SmofKabiven NL 2000 ml +F;+E,-1,1000806,,Pharma,0.525415301322937,UNCHECKED,45961916,
20001300,Base excess in Arterial blood by calculation,-1,20001300,mmol/l,Observation,1.0,APPROVED,3003396,
246,Diazepam tabl 5 mg,-1,246,,Pharma,0.7371149659156799,APPROVED,723164,
1000893,Ciproxin Tbl 500 mg,-1,1000893,,Pharma,0.5423251986503601,APPROVED,19006833,
1000271,Norvasc Tabl 5 mg,-1,1000271,,Pharma,0.7259709239006042,APPROVED,1332421,
197,Pavulon inj 2 mg/ml,-1,197,,Pharma,0.5681194067001343,APPROVED,19133718,
1000854,Avalox Filmtbl 400 mg,-1,1000854,,Pharma,0.2679761052131653,APPROVED,43714591,
1001194,Ketalar 5mg/ml Perfusor Schmerzdienst,-1,1001194,,Pharma,0.4344003200531006,APPROVED,21110323,
1000607,Pentothal inj 0.5g,-1,1000607,,Pharma,0.35028383135795593,APPROVED,43258329,
1000763,Ebrantil Inj Lsg,-1,1000763,,Pharma,0.34893396496772766,APPROVED,43657496,
10020000,Hourly urine volume,-1,10020000,ml/h,Observation,1.0,APPROVED,4145209,
1000900,Dafalgan ODIS Schmelz Tabl 500 mg,-1,1000900,,Pharma,0.40304723381996155,APPROVED,43168280,
24000552,Coagulation factor VII activity actual/normal in Platelet poor plasma by Coagulation assay,-1,24000552,%,Observation,1.0,APPROVED,3011547,
1000872,Amlodipin Tbl 5 mg,-1,1000872,,Pharma,0.6203941106796265,APPROVED,1332450,
1000988,Temesta Expidet 2.5 mg,-1,1000988,,Pharma,0.41986674070358276,AUTO_MAPPED_TO_1,1551719,
176,Ciproxin 200 mg/100ml,-1,176,,Pharma,0.6295018792152405,AUTO_MAPPED_TO_1,19017229,
1000807,StructoKabiven NL 1500 ml +F; - E,-1,1000807,,Pharma,0.3428671956062317,UNCHECKED,45971298,
1001169,Clindamycin Posphat 600,-1,1001169,,Pharma,0.7187631726264954,APPROVED,19109384,
1000356,Anexate 0.5mg/ 5 ml,-1,1000356,,Pharma,0.38145744800567627,AUTO_MAPPED_TO_1,21034765,
1000705,Ultiva Inj Lsg,-1,1000705,,Pharma,0.3574971556663513,APPROVED,35605378,
202,Pentothal 1g Inf Lsg,-1,202,,Pharma,0.27773115038871765,APPROVED,44109682,
1000442,Loniten Tbl 10 mg,-1,1000442,,Pharma,0.4497974216938019,APPROVED,19025147,
1000400,Ketalar Inj Lsg 500 mg/10 ml,-1,1000400,,Pharma,0.2827739715576172,APPROVED,19085322,
1000452,Narcan Inj Lsg,-1,1000452,,Pharma,0.36490941047668457,AUTO_MAPPED_TO_1,41946763,
10000100,Glasgow Coma Score verbal response subscore,-1,10000100,Ordinal Score,Observation,1.0,APPROVED,3009094,
1000239,Temesta inj Amp 4mg/ml,-1,1000239,,Pharma,0.3253607451915741,AUTO_MAPPED_TO_1,4086628,
1000873,Amlodipin Tbl 10 mg,-1,1000873,,Pharma,0.5116484761238098,APPROVED,41205127,
1001168,Clindamycin Posphat 300,-1,1001168,,Pharma,0.7178016901016235,APPROVED,19085270,
1000771,Sufentanyl Perfusor,-1,1000771,,Pharma,0.5338535904884338,AUTO_MAPPED_TO_1,19078219,
1000852,SmofKabiven NL1970 ml +F;-E,-1,1000852,,Pharma,0.477767676115036,APPROVED,43652222,
1000491,Disoprivan 1%,-1,1000491,,Pharma,0.4339893162250519,APPROVED,40220390,
1000894,Ciproxin Infusion 400 mg,-1,1000894,,Pharma,0.6481587290763855,APPROVED,19088843,
1000894,Ciproxin Infusion 400 mg,-1,1000894,,Pharma,0.6481587290763855,APPROVED,19088843,
1000621,Fentanyl-PCA-Lösung,-1,1000621,,Pharma,0.42458921670913696,AUTO_MAPPED_TO_1,35603453,
1001050,Disoprivan 2%,-1,1001050,,Pharma,0.43429502844810486,APPROVED,753631,
1000386,Ilomedin Inj Lsg 50ug/2.5 ml,-1,1000386,,Pharma,0.21784408390522003,APPROVED,41431809,
1000297,Dilatrend Tabl 12.5 mg,-1,1000297,,Pharma,0.5748119354248047,APPROVED,43271437,
1000418,Temesta Expidet 1mg,-1,1000418,,Pharma,0.3336775004863739,AUTO_MAPPED_TO_1,4353622,
1000684,Morphin als PCA Pumpe,-1,1000684,,Pharma,0.4285719394683838,AUTO_MAPPED_TO_1,761089,
1001075,Doxyclin Tbl 100 mg,-1,1001075,,Pharma,0.5209029912948608,APPROVED,41047517,
1000558,Nutriflex lipid spez 1250ml,-1,1000558,,Pharma,0.5105541944503784,UNCHECKED,45971234,
10000200,Glasgow Coma Score motor response subscore,-1,10000200,Ordinal Score,Observation,1.0,APPROVED,3008223,
1000317,Klacid Tbl 500 mg,-1,1000317,,Pharma,0.32367637753486633,APPROVED,43266138,
1000935,Oxycontin Ret Tbl à 10mg,-1,1000935,,Pharma,0.2323116511106491,APPROVED,40232705,
24000667,Coagulation factor X activity actual/normal in Platelet poor plasma by Coagulation assay,-1,24000667,%,Observation,1.0,APPROVED,3004409,
1000457,Adalat retard CR Tbl 30 mg,-1,1000457,,Pharma,0.3593606650829315,APPROVED,19134811,
1001052,Disoprivan 2% BOLUS,-1,1001052,,Pharma,0.33998534083366394,AUTO_MAPPED_TO_1,40037860,
1000688,Paravertebralblock-Lösung,-1,1000688,,Pharma,0.42812153697013855,AUTO_MAPPED_TO_1,4139323,
1001101,Ilomedin 20 ug/ml Inf Lsg,-1,1001101,,Pharma,0.29788193106651306,AUTO_MAPPED_TO_1,41095259,
1000298,Dilatrend Tabl 6.25 mg,-1,1000298,,Pharma,0.6308394074440002,APPROVED,43293185,
1000700,Dormicum 5mg/ml BOLUS,-1,1000700,,Pharma,0.47376930713653564,APPROVED,41203487,
1000318,Klacid Amp 500 mg,-1,1000318,,Pharma,0.4321955144405365,APPROVED,43266138,
1000559,Nutriflex lipid spez 1875ml,-1,1000559,,Pharma,0.4645370543003082,UNCHECKED,45971232,
1000716,PCA-Morphin,-1,1000716,,Pharma,0.5193448066711426,AUTO_MAPPED_TO_1,36310914,
1001053,Disoprivan 1%,-1,1001053,,Pharma,0.4339893162250519,APPROVED,40220390,
10000300,Glasgow Coma Score eye opening subscore,-1,10000300,Ordinal Score,Observation,1.0,APPROVED,3016335,
1000335,Vibravenös Inj Lsg 100 mg 5 ml,-1,1000335,,Pharma,0.1978434920310974,AUTO_MAPPED_TO_1,41065014,
1000936,Oxycontin Ret Tbl à 20mg,-1,1000936,,Pharma,0.23703838884830475,APPROVED,40232728,
1000717,PDA-Forte,-1,1000717,,Pharma,0.41888558864593506,AUTO_MAPPED_TO_1,36309305,
1000876,Adalat retard Tbl 20 mg,-1,1000876,,Pharma,0.44158732891082764,APPROVED,19117602,
24000567,INR in Blood by Coagulation assay,-1,24000567,,Observation,1.0,APPROVED,3032080,
1000610,Viagra Tbl. 50 mg,-1,1000610,,Pharma,0.4359041750431061,APPROVED,19047693,
208,Disoprivan 2%,-1,208,,Pharma,0.43429502844810486,APPROVED,43712853,
1000560,Nutriflex spez 1000ml -F; - E,-1,1000560,,Pharma,0.4008881747722626,AUTO_MAPPED_TO_1,35631151,
1000791,Erythrocin Inf Lsg,-1,1000791,,Pharma,0.5853607058525085,APPROVED,1746940,
1000741,Fentanyl Perf,-1,1000741,,Pharma,0.7448474168777466,APPROVED,1154029,
1001051,Dormicum Perfusor 5mg/ml,-1,1001051,,Pharma,0.4589523375034332,INVALID_TARGET,0,
1000829,Dalacin C 600 Phosphat Amp.,-1,1000829,,Pharma,0.42536845803260803,AUTO_MAPPED_TO_1,19037405,
1001082,Carvedilol Tabl 12.5 mg,-1,1001082,,Pharma,0.90392005443573,APPROVED,1346830,
1000937,Oxynorm Trpf 10mg/ml,-1,1000937,,Pharma,0.38499605655670166,APPROVED,36883565,
1000350,Durogesic TTS 25 ug,-1,1000350,,Pharma,0.5482723116874695,AUTO_MAPPED_TO_1,35629270,
1000352,Floxapen Inj Lsg,-1,1000352,,Pharma,0.3769165873527527,AUTO_MAPPED_TO_1,19128638,
15001565,Richmond agitation-sedation scale,-1,15001565,Ordinal Score,Observation,1.0,APPROVED,36684829,
1000761,PDA-Forte Bolus,-1,1000761,,Pharma,0.3459424674510956,AUTO_MAPPED_TO_1,41946920,
94,Isoptin inj 2.5 mg/ml,-1,94,,Pharma,0.4080283045768738,APPROVED,43257830,
1001089,Tracleer Tabl 62.5 mg,-1,1001089,,Pharma,0.7937755584716797,APPROVED,19098352,
24000605,Albumin [Mass/volume] in Serum or Plasma,-1,24000605,g/L,Observation,1.0,APPROVED,3024561,
1000320,Dalacin C Kps 300 mg,-1,1000320,,Pharma,0.3774225413799286,APPROVED,41110557,
1000351,Durogesic TTS 50 ug,-1,1000351,,Pharma,0.5495200753211975,AUTO_MAPPED_TO_1,35629270,
1001054,Dormicum Bolus 1mg/ml,-1,1001054,,Pharma,0.3798544406890869,APPROVED,41109555,
1000989,Targin Retard Tbl 10/5mg,-1,1000989,,Pharma,0.29057592153549194,AUTO_MAPPED_TO_1,45967718,
1000561,Nutriflex spez 1000 ml; ohne Fett,-1,1000561,,Pharma,0.4415002465248108,UNCHECKED,46028257,
1000346,Esmolol Inj Lsg 100 mg /10 ml,-1,1000346,,Pharma,0.35995379090309143,APPROVED,40182872,
1000670,Floxapen Inj Lsg 2g,-1,1000670,,Pharma,0.3366859257221222,APPROVED,42657512,
1000762,PDA-Standard Bolus,-1,1000762,,Pharma,0.4237293303012848,AUTO_MAPPED_TO_1,42078880,
510,Intracranial pressure,-1,510,mmHg,Observation,1.0,APPROVED,21490653,
1000363,Garamycin,-1,1000363,,Pharma,0.7135686278343201,APPROVED,45892419,
1000536,Isoptin Tbl 80 mg,-1,1000536,,Pharma,0.5451964735984802,APPROVED,40171919,
1001058,Revatio Filmtbl 20 mg,-1,1001058,,Pharma,0.4145798087120056,APPROVED,1316304,
1000347,Brevibloc 2 5g/10ml,-1,1000347,,Pharma,0.6438595056533813,AUTO_MAPPED_TO_1,35603878,
1000902,Dormicum Tbl 7.5 mg,-1,1000902,,Pharma,0.5124439597129822,APPROVED,21062246,
1000627,Durogesic TTS Matrix 100 ug,-1,1000627,,Pharma,0.48088619112968445,AUTO_MAPPED_TO_1,35629270,
1000990,Targin Retard Tbl 20/10mg,-1,1000990,,Pharma,0.5680935978889465,AUTO_MAPPED_TO_1,36309436,
1000694,Nutriflex lipid spezial oE,-1,1000694,,Pharma,0.5541966557502747,APPROVED,43707256,
1000321,Dalacin C Phosphat Inj Lsg 300 mg,-1,1000321,,Pharma,0.3252486288547516,AUTO_MAPPED_TO_1,19108275,
1000843,PDA-Bupivacain 0.125% ohne Fentanyl,-1,1000843,,Pharma,0.4744023382663727,AUTO_MAPPED_TO_1,42620335,
20005110,Glucose [Moles/volume] in Serum or Plasma,-1,20005110,mmol/l,Observation,1.0,APPROVED,3013826,
1000365,SDD Gentamycin/Polymyxin Kps,-1,1000365,,Pharma,0.43184995651245117,AUTO_MAPPED_TO_1,948582,
15004303,Intracranial pressure,-1,15004303,mmHg,Observation,1.0,APPROVED,21490653,
1000828,Trandate Perfusor,-1,1000828,,Pharma,0.6158174872398376,AUTO_MAPPED_TO_1,36309294,
1000808,Ventavis Inhal Lsg,-1,1000808,,Pharma,0.4629954695701599,APPROVED,1356207,
1000987,Tenormin  Tabl 100mg,-1,1000987,,Pharma,0.3692155182361603,APPROVED,19025063,
251,Dormicum inj 1 mg/ml,-1,251,,Pharma,0.4021637737751007,APPROVED,708336,
1000768,Durogesic Matrix 12 ug/h,-1,1000768,,Pharma,0.48858895897865295,AUTO_MAPPED_TO_1,35629270,
107,Liquemin 5000 U/ml,-1,107,,Pharma,0.5454720854759216,APPROVED,40953611,
1000984,Tramal Kps 50 mg,-1,1000984,,Pharma,0.2857966423034668,AUTO_MAPPED_TO_1,40234409,
1000518,Tienam 500 mg,-1,1000518,,Pharma,0.4889916777610779,APPROVED,43215149,
1000470,Creon forte Kps,-1,1000470,,Pharma,0.5139992237091064,AUTO_MAPPED_TO_1,42539319,
386,Trandate inj,-1,386,,Pharma,0.7086355090141296,APPROVED,44042836,
15001597,Intracranial pressure,-1,15001597,mmHg,Observation,1.0,APPROVED,21490653,
1000322,Dalacin Phosphat Inj Lsg 600 mg,-1,1000322,,Pharma,0.35509923100471497,AUTO_MAPPED_TO_1,19037405,
146,Betamethasone inj 4 mg/ml,-1,146,,Pharma,0.6250239610671997,APPROVED,920823,
1000758,Beloc Perfusor,-1,1000758,,Pharma,0.5733050107955933,AUTO_MAPPED_TO_1,36309294,
24000523,Glucose [Moles/volume] in Serum or Plasma,-1,24000523,mmol/l,Observation,1.0,APPROVED,3013826,
252,Dormicum Perfusor 5 mg/ml,-1,252,,Pharma,0.40987342596054077,APPROVED,19086213,
1000390,Rifater Drg 50 mg,-1,1000390,,Pharma,0.46310874819755554,APPROVED,19022927,
1000692,Fentanyl Bolus inj 50 µg/ml,-1,1000692,,Pharma,0.33312082290649414,AUTO_MAPPED_TO_1,44785661,
1000373,Heparin Bichsel 500 E/ 5 ml,-1,1000373,,Pharma,0.3101496696472168,AUTO_MAPPED_TO_1,43189697,
1000278,Tenormin mite Tabl 50 mg,-1,1000278,,Pharma,0.5975703001022339,APPROVED,1314005,
1000985,Tramal Retard  Tbl. 100 mg,-1,1000985,,Pharma,0.19390363991260529,AUTO_MAPPED_TO_1,19007762,
1001170,Clindamycin Kps 300 mg,-1,1001170,,Pharma,0.6044149398803711,APPROVED,19085270,
1000499,Ventolin Dosieraerosol 0.1 mg,-1,1000499,,Pharma,0.4134944677352905,APPROVED,43205331,
1000929,Mephameson Inj Lsg 8mg/ml,-1,1000929,,Pharma,0.2232239544391632,AUTO_MAPPED_TO_1,41032551,
10010020,Measurement of output from drain,-1,10010020,ml,Observation,1.0,APPROVED,40484209,
1000976,Seresta 15 mg,-1,1000976,,Pharma,0.47583094239234924,AUTO_MAPPED_TO_1,19121634,
1001096,Co-Amoxi Tbl 1g,-1,1001096,,Pharma,0.3521774709224701,AUTO_MAPPED_TO_1,44120058,
1000444,Morphin Trpf 1% 10mg/ml,-1,1000444,,Pharma,0.3793019950389862,AUTO_MAPPED_TO_1,1111165,
1001005,Colidimin Tbl 200 mg,-1,1001005,,Pharma,0.3040352761745453,AUTO_MAPPED_TO_1,19033985,
1000596,Metoprolol Tartrat Tbl 10 mg,-1,1000596,,Pharma,0.5953138470649719,AUTO_MAPPED_TO_1,40167199,
1000855,Avalox Inf Lsg 400 mg,-1,1000855,,Pharma,0.27698224782943726,APPROVED,43714591,
1000325,Mephameson 4mg/ml,-1,1000325,,Pharma,0.47354745864868164,AUTO_MAPPED_TO_1,41937352,
24000585,Glucose [Moles/volume] in Serum or Plasma,-1,24000585,mmol/l,Observation,1.0,APPROVED,3013826,
1000551,Mycostatin Susp,-1,1000551,,Pharma,0.6352329850196838,AUTO_MAPPED_TO_1,19043750,
1000523,Tramal Trpf 100 mg/ml,-1,1000523,,Pharma,0.3178003132343292,AUTO_MAPPED_TO_1,43847621,
1001097,Co-Amoxi 1.2 g Inj Lsg,-1,1001097,,Pharma,0.2855050265789032,AUTO_MAPPED_TO_1,44120058,
1001060,Ventolin Inhal Lsg 0.05%,-1,1001060,,Pharma,0.3367883265018463,APPROVED,43150279,
1000436,Beloc Inj Lsg,-1,1000436,,Pharma,0.343223512172699,APPROVED,35605509,
141,Tenormin submite tabl 25 mg,-1,141,,Pharma,0.5828781127929688,APPROVED,19012417,
10010072,Measurement of output from drain,-1,10010072,ml,Observation,1.0,APPROVED,40484209,
1001027,Noxafil Susp,-1,1001027,,Pharma,0.7612643241882324,AUTO_MAPPED_TO_1,19125038,
1001079,Xifaxan Tabl 550 mg,-1,1001079,,Pharma,0.8659713268280029,APPROVED,40163818,
1000445,MST Continus ret Tbl 30,-1,1000445,,Pharma,0.46896129846572876,APPROVED,19006051,
1001098,Co-Amoxi 2.2g Inf Lsg,-1,1001098,,Pharma,0.29849448800086975,AUTO_MAPPED_TO_1,44120056,
1001171,Norfloxacin Filmtbl 400 mg,-1,1001171,,Pharma,0.6068065762519836,APPROVED,1721549,
1000721,Bilol 5 mg Tbl.,-1,1000721,,Pharma,0.2662815451622009,APPROVED,1338042,
1000769,Fortecortin Tbl 4 mg,-1,1000769,,Pharma,0.3867977559566498,APPROVED,43672753,
24000568,Ammonia [Moles/volume] in Blood,-1,24000568,umol/l,Observation,1.0,APPROVED,3005347,
1000416,Thyrotardin 100 ug,-1,1000416,,Pharma,0.507429301738739,APPROVED,40922164,
1001046,Tramal Amp. 100 mg,-1,1001046,,Pharma,0.2787618041038513,APPROVED,1103343,
1000438,Beloc zok ret. Tbl 100 mg,-1,1000438,,Pharma,0.32014524936676025,APPROVED,43132876,
10010070,Measurement of output from drain,-1,10010070,ml,Observation,1.0,APPROVED,40484209,
1001078,Noxafil Tabl 100 mg,-1,1001078,,Pharma,0.668990433216095,APPROVED,44785057,
15001166,Circadian rhythm,-1,15001166,Categorical ['SR'; 'SB'; 'ST'; 'AF'; 'Nodal'; 'Paced'; 'PM'; 'AV bl (I)'; 'AV bl (II)'; 'AV bl (III)'; 'Vfli'; 'Vfla'; 'Kammerrhythm'; 'Kfli'; 'Asystolie';  'Sinusarrhyth'],Observation,1.0,APPROVED,4149418,
1000274,Augmentin 1.2 Inj Lsg,-1,1000274,,Pharma,0.4929155707359314,AUTO_MAPPED_TO_1,35630532,
1001193,Bactrim Amp 400/80 mg Inf Lsg,-1,1001193,,Pharma,0.5110592842102051,APPROVED,19020463,
1000898,Concor Tbl 5 mg,-1,1000898,,Pharma,0.39715856313705444,APPROVED,19011602,
1000446,MST Continus ret. Tbl 60,-1,1000446,,Pharma,0.40840351581573486,APPROVED,19006052,
1000253,Aspégic Inj Lsg 500 mg/5ml,-1,1000253,,Pharma,0.3864828646183014,AUTO_MAPPED_TO_1,36261749,
326,Noroxin tabl 400 mg,-1,326,,Pharma,0.7054942846298218,APPROVED,19041106,
153,Euthyrox tabl 0.1 mg,-1,153,,Pharma,0.7302491664886475,APPROVED,40174940,
1000549,Augmentin Inj 2.2g,-1,1000549,,Pharma,0.5494059324264526,AUTO_MAPPED_TO_1,35630532,
1001138,Voriconazol Filmtbl 50 mg,-1,1001138,,Pharma,0.5127703547477722,APPROVED,19097774,
1000483,Tazobac Inf 4g,-1,1000483,,Pharma,0.5574614405632019,AUTO_MAPPED_TO_1,1741122,
1000868,Nitriate 1mg/ml,-1,1000868,,Pharma,0.37026360630989075,APPROVED,1362315,
1000659,Morphin HCL Perfusor,-1,1000659,,Pharma,0.4914564788341522,APPROVED,40170079,
1001083,Moduretic mite Tabl 2.5 mg/25 mg,-1,1001083,,Pharma,0.4246048033237457,APPROVED,40227651,
4000,Peripheral oxygen saturation,-1,4000,%,Observation,1.0,APPROVED,40762499,
20002200,C reactive protein [Mass/volume] in Serum or Plasma,-1,20002200,mg/l,Observation,1.0,APPROVED,3020460,
1001198,Bactrim Amp. 400/80 mg Inf Lsg,-1,1001198,,Pharma,0.4857431948184967,APPROVED,19020463,
1001059,Thyroxin TS Amp 500 ug/5ml,-1,1001059,,Pharma,0.43498846888542175,AUTO_MAPPED_TO_1,1501700,
1000812,Augmentin 2.2 Inf Lsg,-1,1000812,,Pharma,0.5306065678596497,AUTO_MAPPED_TO_1,35630532,
24000538,Troponin T.cardiac [Mass/volume] in Serum or Plasma,-1,24000538,ug/l,Observation,1.0,APPROVED,3019800,
1000524,Dyrenium comp. Kps,-1,1000524,,Pharma,0.4430304169654846,AUTO_MAPPED_TO_1,4028592,
405,Tazobac 2 g inf,-1,405,,Pharma,0.5928751230239868,AUTO_MAPPED_TO_1,1741122,
1000255,Aspirin cardio Tbl 300 mg,-1,1000255,,Pharma,0.46725162863731384,APPROVED,1113267,
1000862,Morphine Inj à 10mg,-1,1000862,,Pharma,0.32314392924308777,APPROVED,40828399,
1001048,Nitroprussiat Fides 1mg/ml,-1,1001048,,Pharma,0.7011232972145081,APPROVED,43693509,
1000507,Bactrim forte Lacktbl,-1,1000507,,Pharma,0.3602481782436371,AUTO_MAPPED_TO_1,42036285,
1000914,Euthyrox Tabl 50 µg,-1,1000914,,Pharma,0.3447807729244232,APPROVED,40175212,
1001140,Voriconazol Inf Lsg 200 mg/ 20 ml,-1,1001140,,Pharma,0.4728320837020874,APPROVED,19098164,
1000781,Augmentin AD Tbl 1 g,-1,1000781,,Pharma,0.5803236961364746,AUTO_MAPPED_TO_1,35630532,
8280,Peripheral oxygen saturation,-1,8280,%,Observation,1.0,APPROVED,40762499,
1000256,Aspirin Tbl 100 mg,-1,1000256,,Pharma,0.5308451056480408,APPROVED,1113348,
1000837,Piperacillin-Tazobactam 2.25 Inj Lsg,-1,1000837,,Pharma,0.5303088426589966,AUTO_MAPPED_TO_1,46275427,
1000932,Morphin HCl Lsg à 20mg/ml,-1,1000932,,Pharma,0.3020020127296448,APPROVED,36276934,
1000508,Bactrim Inf Lsg,-1,1000508,,Pharma,0.28626349568367004,APPROVED,40081376,
1000505,Aldactone Filmtbl 100 mg,-1,1000505,,Pharma,0.5222627520561218,APPROVED,19023865,
24000570,Procalcitonin [Mass/volume] in Serum or Plasma,-1,24000570,ug/l,Observation,1.0,APPROVED,3046279,
1001004,Eltroxin Tbl 0.10mg,-1,1001004,,Pharma,0.4704042077064514,APPROVED,40174939,
1000284,Penicillin G 1 Mio,-1,1000284,,Pharma,0.856300950050354,APPROVED,43671919,
1001141,Nitroprusside DBL 0.5 mg/ml,-1,1001141,,Pharma,0.7147928476333618,APPROVED,1593465,
1000661,Vfend Filmtbl 200 mg,-1,1000661,,Pharma,0.5061736702919006,APPROVED,1714304,
1000519,Obracin 80 mg,-1,1000519,,Pharma,0.7250838279724121,APPROVED,44104083,
1000257,Aspirin Tbl 500 mg,-1,1000257,,Pharma,0.5393092632293701,APPROVED,1113302,
1001068,Rifampicin Filmtbl 600 mg,-1,1001068,,Pharma,0.5261801481246948,APPROVED,1763297,
1000299,Kefzol Inj Lsg,-1,1000299,,Pharma,0.48465999960899353,AUTO_MAPPED_TO_1,21064535,
1001003,Eltroxin Tbl 0.05mg,-1,1001003,,Pharma,0.505301296710968,APPROVED,40175211,
24000806,Troponin T.cardiac [Mass/volume] in Serum or Plasma by High sensitivity method,-1,24000806,ng/l,Observation,1.0,APPROVED,40769783,
1000506,Aldactone Filmtbl 25 mg,-1,1000506,,Pharma,0.5336432456970215,APPROVED,19023830,
24000480,Lymphocytes [#/volume] in Blood,-1,24000480,G/l,Observation,1.0,APPROVED,3019198,
1000662,Vfend Filmtbl 50 mg,-1,1000662,,Pharma,0.4918796718120575,APPROVED,1714303,
1000933,MST Continus ret Tbl 10 mg,-1,1000933,,Pharma,0.48814326524734497,APPROVED,19006029,
2200,End tidal carbon dioxide concentration,-1,2200,mmHg,Observation,1.0,APPROVED,3035357,
1001142,Nitroprusside DBL 1mg/ml,-1,1001142,,Pharma,0.6973665356636047,AUTO_MAPPED_TO_1,43269329,
1000324,Plavix Tbl 75 mg,-1,1000324,,Pharma,0.5693779587745667,APPROVED,1322185,
1001173,Rifampicin Inf Lsg,-1,1001173,,Pharma,0.587759256362915,APPROVED,1593015,
1000671,Kefzol Stechamp 2g,-1,1000671,,Pharma,0.5260810852050781,AUTO_MAPPED_TO_1,44068098,
1000663,Vfend Amp,-1,1000663,,Pharma,0.7040924429893494,APPROVED,35604632,
1000760,Topamax Tbl 50 mg,-1,1000760,,Pharma,0.501079797744751,APPROVED,742269,
1000300,Cepimex,-1,1000300,,Pharma,0.5692017078399658,APPROVED,1748975,
1000963,Insulin Lantus,-1,1000963,,Pharma,0.5713208913803101,APPROVED,19120790,
1000877,Aldactone Filmtbl 50,-1,1000877,,Pharma,0.49385496973991394,APPROVED,19023827,
117,Nitroglycerin Kps 0.8mg,-1,117,,Pharma,0.5336787104606628,APPROVED,19111033,
1000296,Neo-Mercazole Tabl 5 mg,-1,1000296,,Pharma,0.4896756708621979,APPROVED,21104539,
1000839,Brilique Tbl 90 mg,-1,1000839,,Pharma,0.3908814489841461,APPROVED,21031244,
24000550,Neutrophils/100 leukocytes in Blood,-1,24000550,%,Observation,1.0,APPROVED,3018010,
190,Zovirax inf 250 mg,-1,190,,Pharma,0.5788060426712036,APPROVED,36260809,
24000210,Creatine kinase panel - Serum or Plasma,-1,24000210,U/l,Observation,1.0,APPROVED,3015620,
186,Rimactan inf 300 mg,-1,186,,Pharma,0.5069978833198547,APPROVED,19006753,
1000636,Soldactone Amp.,-1,1000636,,Pharma,0.5260105133056641,AUTO_MAPPED_TO_1,19023865,
1000521,Torem Tbl 10 mg,-1,1000521,,Pharma,0.42077887058258057,APPROVED,19024854,
1000379,Insulin Mixtard 30 HM,-1,1000379,,Pharma,0.6573811173439026,AUTO_MAPPED_TO_1,42937026,
8290,End tidal carbon dioxide concentration,-1,8290,mmHg,Observation,1.0,APPROVED,3035357,
331,Vancocin oral Kps 250 mg,-1,331,,Pharma,0.5134252309799194,APPROVED,19025859,
1000599,Florinef Tbl 0.1mg,-1,1000599,,Pharma,0.4275064766407013,APPROVED,19034620,
1000790,Efient Tbl 10 mg,-1,1000790,,Pharma,0.3448198437690735,APPROVED,40163721,
1000293,Lopirin Tabl 12.5 mg,-1,1000293,,Pharma,0.6295605897903442,AUTO_MAPPED_TO_1,36879699,
1001126,Foscavir Inf Lsg 6000mg/250ml,-1,1001126,,Pharma,0.3559202551841736,AUTO_MAPPED_TO_1,40163602,
1000522,Torem Tbl 5 mg,-1,1000522,,Pharma,0.4140929579734802,APPROVED,19024853,
1000797,Rimactan Kps 300 mg,-1,1000797,,Pharma,0.5618953108787537,APPROVED,19006753,
1000747,Lasix Bolus 20mg  Amp.,-1,1000747,,Pharma,0.330298513174057,APPROVED,35158245,
1000381,Insulin Insulatard HM,-1,1000381,,Pharma,0.6487562656402588,AUTO_MAPPED_TO_1,35630293,
24000556,Segmented neutrophils/100 leukocytes in Blood,-1,24000556,%,Observation,1.0,APPROVED,3017354,
1000615,Xyzal Tbl. 5 mg,-1,1000615,,Pharma,0.4352758228778839,APPROVED,40163631,
189,Vancocin  Amp 500 mg,-1,189,,Pharma,0.43984803557395935,APPROVED,35771391,
1000294,Lopirin Tbl 25 mg,-1,1000294,,Pharma,0.39059731364250183,APPROVED,41173229,
1000362,Cymevene 500 mg,-1,1000362,,Pharma,0.729804277420044,AUTO_MAPPED_TO_1,19010580,
24000220,Creatine kinase.MB [Mass/volume] in Serum or Plasma,-1,24000220,U/l,Observation,1.0,APPROVED,3005785,
1000428,Metolazon Tbl 5 mg,-1,1000428,,Pharma,0.5980832576751709,APPROVED,907044,
351,Rimactan Kps 600 mg,-1,351,,Pharma,0.5402765870094299,APPROVED,41264878,
1000724,Insulin NovoRapid,-1,1000724,,Pharma,0.7563769817352295,APPROVED,19005729,
30010009,End tidal carbon dioxide concentration,-1,30010009,mmHg,Observation,1.0,APPROVED,3035357,
1000383,Solu Cortef Inj Lsg 100 mg/ 2 ml,-1,1000383,,Pharma,0.275024950504303,AUTO_MAPPED_TO_1,19006967,
482,Lasix Perfusor 250 mg Amp.,-1,482,,Pharma,0.43465495109558105,APPROVED,19110022,
1000348,Myambutol 400 mg/4ml,-1,1000348,,Pharma,0.7346783876419067,AUTO_MAPPED_TO_1,40222617,
1000669,AmBisome Inf Lsg,-1,1000669,,Pharma,0.45613279938697815,APPROVED,37499295,
1000777,Tegretol CR Tbl 400 mg,-1,1000777,,Pharma,0.6097875237464905,APPROVED,19006149,
142,Minirin inj,-1,142,,Pharma,0.5187525153160095,APPROVED,43515492,
1000813,Captopril Tabl 25 mg,-1,1000813,,Pharma,0.8617892265319824,APPROVED,1340159,
1000254,Diamox Tbl 250 mg,-1,1000254,,Pharma,0.4816593825817108,APPROVED,19026107,
300,Respiratory rate,-1,300,/min,Observation,1.0,APPROVED,3024171,
308,Fungizone Amp,-1,308,,Pharma,0.7201093435287476,APPROVED,35604134,
24000557,Band form neutrophils/100 leukocytes in Blood,-1,24000557,%,Observation,1.0,APPROVED,3004809,
24000732,Lactate [Moles/volume] in Venous blood,-1,24000732,mmol/l,Observation,1.0,APPROVED,3008037,
15,Insulin Actrapid inj 100 U/ml,-1,15,,Pharma,0.35560864210128784,APPROVED,36261618,
1000622,Ampho-Moronal Susp,-1,1000622,,Pharma,0.344906747341156,AUTO_MAPPED_TO_1,43823314,
1000770,Hydrocortone Tbl 10 mg,-1,1000770,,Pharma,0.5859212875366211,APPROVED,19006964,
310,Respiratory rate,-1,310,/min,Observation,1.0,APPROVED,3024171,
1001047,Nitroprussiat Fides 0.5mg/ml,-1,1001047,,Pharma,0.6855908632278442,APPROVED,1593464,
1000232,Furosemide 10 mg/ml inj,-1,1000232,,Pharma,0.9446690082550049,APPROVED,957140,
1000776,Tegretol CR Tbl 200 mg,-1,1000776,,Pharma,0.57973712682724,APPROVED,19074680,
1000341,Enatec Tbl 10 mg,-1,1000341,,Pharma,0.29284554719924927,APPROVED,40165763,
1001056,Vimpat Tbl. 50 mg,-1,1001056,,Pharma,0.4643172025680542,APPROVED,19132861,
438,Diamox inj 500 mg/5ml,-1,438,,Pharma,0.39137279987335205,AUTO_MAPPED_TO_1,45999219,
5685,Respiratory rate,-1,5685,/min,Observation,1.0,APPROVED,3024171,
1000252,Sodium nitro,-1,1000252,,Pharma,0.9122568368911743,APPROVED,19100394,
124,Nimotop inf 0.2 mg/ml,-1,124,,Pharma,0.4637754559516907,APPROVED,21133273,
1001006,Surmontil Trpf 4%,-1,1001006,,Pharma,0.48147523403167725,APPROVED,43173803,
24000668,Erythrocyte sedimentation rate,-1,24000668,mm/1h,Observation,1.0,APPROVED,3015183,
1000431,Solu Medrol Stechamp 1g,-1,1000431,,Pharma,0.3158976137638092,AUTO_MAPPED_TO_1,19115239,
10002508,Haemofiltration,-1,10002508,,Pharma,1.0,UNCHECKED,45956877,
1000342,Enatec Tbl 20 mg,-1,1000342,,Pharma,0.3319118916988373,APPROVED,40165774,
4,Lasix 40 mg tabl,-1,4,,Pharma,0.9479900002479553,APPROVED,19023799,
1000458,Nitroderm TTS 5,-1,1000458,,Pharma,0.6106440424919128,AUTO_MAPPED_TO_1,43690410,
24000485,Lactate [Moles/volume] in Venous blood,-1,24000485,mmol/l,Observation,1.0,APPROVED,3008037,
1000878,Ampho-Moronal Lutschtabletten,-1,1000878,,Pharma,0.26793360710144043,AUTO_MAPPED_TO_1,41012574,
1000850,Lamotrigin Tbl 100 mg,-1,1000850,,Pharma,0.633374035358429,APPROVED,705182,
125,Nimotop Tabl 30 mg,-1,125,,Pharma,0.6095143556594849,APPROVED,19036476,
15001555,Oxygen administration by mask,-1,15001555,l/min,Observation,1.0,APPROVED,40758544,
1000233,Penicillin 50 000 U/ml,-1,1000233,,Pharma,0.5342758893966675,APPROVED,41014212,
1000459,Nitroderm TTS 10,-1,1000459,,Pharma,0.6454058885574341,APPROVED,41109452,
20000900,Hemoglobin [Mass/volume] in Blood,-1,20000900,g/l,Observation,1.0,APPROVED,3000963,
1000343,Enatec Tbl 5 mg,-1,1000343,,Pharma,0.2920645773410797,APPROVED,40165790,
1000986,Torem Tbl 200 mg,-1,1000986,,Pharma,0.33726611733436584,APPROVED,43659229,
1000432,Solu Medrol Stechampullen 2g,-1,1000432,,Pharma,0.44099733233451843,AUTO_MAPPED_TO_1,43800345,
1001013,Ecalta Amp 100 mg,-1,1001013,,Pharma,0.5448480248451233,AUTO_MAPPED_TO_1,35161706,
1000287,Pulmicort Inhal Lsg 0.25 mg/ml,-1,1000287,,Pharma,0.4811519682407379,APPROVED,939542,
1000273,Clamoxyl Inj Lsg,-1,1000273,,Pharma,0.29725340008735657,APPROVED,35408922,
1000531,Orfiril long Ret Kps 150 mg,-1,1000531,,Pharma,0.3830193281173706,APPROVED,40932596,
1000795,Isoket Dosieraerosol,-1,1000795,,Pharma,0.6035190224647522,AUTO_MAPPED_TO_1,35630300,
1000617,Cancidas 70 mg,-1,1000617,,Pharma,0.8995552659034729,APPROVED,1718057,
1000997,Symbicort 200/60,-1,1000997,,Pharma,0.5815873146057129,AUTO_MAPPED_TO_1,35612670,
1000443,Loniten Tbl 2.5 mg,-1,1000443,,Pharma,0.5374458432197571,APPROVED,19025146,
24000836,Hemoglobin [Mass/volume] in Blood,-1,24000836,g/l,Observation,1.0,APPROVED,3000963,
214,Pethidine inj 50 mg/ml,-1,214,,Pharma,0.4234475791454315,APPROVED,41171762,
1000433,Solu Medrol 125 mg,-1,1000433,,Pharma,0.46867087483406067,AUTO_MAPPED_TO_1,19043273,
1000601,Clamoxyl Inj Lsg 2g,-1,1000601,,Pharma,0.25956201553344727,APPROVED,43028686,
1000520,Torem Inj Lsg 10 mg/2 ml,-1,1000520,,Pharma,0.23946091532707214,AUTO_MAPPED_TO_1,46262577,
1000695,Nipruss 1mg/ml,-1,1000695,,Pharma,0.48605072498321533,APPROVED,43657629,
1000269,Saroten ret Kps 25 mg,-1,1000269,,Pharma,0.3155345916748047,AUTO_MAPPED_TO_1,19037316,
15001525,Oxygen administration by nasal cannula,-1,15001525,l/min,Observation,1.0,APPROVED,3005629,
1000618,Cancidas 50 mg,-1,1000618,,Pharma,0.8751026391983032,APPROVED,1718060,
1000334,Cardura CR Tbl 4 mg,-1,1000334,,Pharma,0.4892527759075165,APPROVED,19003827,
24000569,Natriuretic peptide.B prohormone N-Terminal [Mass/volume] in Serum or Plasma,-1,24000569,pg/ml,Observation,1.0,APPROVED,3029187,
20000700,Leukocytes [#/volume] in Blood,-1,20000700,G/l,Observation,1.0,APPROVED,3010813,
1000286,Pulmicort Dosieraerosol 0.2mg,-1,1000286,,Pharma,0.4924282133579254,APPROVED,1356374,
1000867,Nitriate 0.5mg/ml,-1,1000867,,Pharma,0.39725667238235474,AUTO_MAPPED_TO_1,961196,
1000434,Solumedrol 500 mg,-1,1000434,,Pharma,0.5033183693885803,APPROVED,35606540,
215,Methadon inj 10 mg/ml,-1,215,,Pharma,0.5106315016746521,APPROVED,40166326,
1000644,Dequonal Gurgellösung,-1,1000644,,Pharma,0.4537583887577057,AUTO_MAPPED_TO_1,42031498,
1000272,Augmentin Tabl 625 mg,-1,1000272,,Pharma,0.6731647253036499,AUTO_MAPPED_TO_1,35630532,
1000258,Krenosin Inj Lsg,-1,1000258,,Pharma,0.3367149233818054,AUTO_MAPPED_TO_1,3051441,
1000313,Sandimmun Neoral Kps 25 mg,-1,1000313,,Pharma,0.5292302966117859,APPROVED,42948042,
1000996,Symbicort 100/60,-1,1000996,,Pharma,0.5906054377555847,AUTO_MAPPED_TO_1,35612670,
1000778,Lamictal Tbl 25 mg,-1,1000778,,Pharma,0.5791205763816833,APPROVED,19006208,
1000435,Solumedrol 40 mg,-1,1000435,,Pharma,0.5416511297225952,APPROVED,19034805,
2010,Inspired oxygen concentration,-1,2010,%,Observation,1.0,APPROVED,3020716,
20000500,Potassium [Moles/volume] in Blood,-1,20000500,mmol/l,Observation,1.0,APPROVED,3005456,
1000942,Prograf Kps 0.5mg,-1,1000942,,Pharma,0.3973035216331482,APPROVED,950664,
1000354,Diflucan Kps 50 mg,-1,1000354,,Pharma,0.5152530670166016,APPROVED,19034536,
1001095,Co-Amoxi Tbl 625 mg,-1,1001095,,Pharma,0.3668462336063385,AUTO_MAPPED_TO_1,44120056,
1000243,Perlinganit mg/ml inf,-1,1000243,,Pharma,0.6857988834381104,APPROVED,43798162,
20000600,Creatinine [Moles/volume] in Blood,-1,20000600,umol/l,Observation,1.0,APPROVED,40762887,
1000974,Seretide 250 Disk,-1,1000974,,Pharma,0.5880645513534546,AUTO_MAPPED_TO_1,35630513,
1000851,Lamotrigin Tbl 25 mg,-1,1000851,,Pharma,0.6431384086608887,APPROVED,705184,
1000427,Methadon oral 0.5% 5mg/ml,-1,1000427,,Pharma,0.42409828305244446,AUTO_MAPPED_TO_1,40928544,
348,Digoxin Tabl 0.25 mg,-1,348,,Pharma,0.8376915454864502,APPROVED,1326411,
1000393,Kalium Effervetten,-1,1000393,,Pharma,0.45714420080184937,AUTO_MAPPED_TO_1,44817989,
1001070,Grafalon Inf Lsg,-1,1001070,,Pharma,0.4686473608016968,APPROVED,36259379,
1000486,Prednison Tbl 20 mg,-1,1000486,,Pharma,0.5948694348335266,APPROVED,1551196,
1000734,Perlinganit Perfusor,-1,1000734,,Pharma,0.558521032333374,AUTO_MAPPED_TO_1,42004851,
24000520,Potassium [Moles/volume] in Blood,-1,24000520,mmol/l,Observation,1.0,APPROVED,3005456,
1000355,Diflucan Inf Lsg 200 mg,-1,1000355,,Pharma,0.49467822909355164,AUTO_MAPPED_TO_1,19034582,
1000502,Zoloft Tbl 50 mg,-1,1000502,,Pharma,0.4909980893135071,APPROVED,19037684,
2600,Positive end expiratory pressure setting,-1,2600,cmH2O,Observation,1.0,APPROVED,3022875,
1000251,Fentanyl inj 50 µg/ml,-1,1000251,,Pharma,0.3467245399951935,APPROVED,35603429,
24000572,Creatinine [Moles/volume] in Urine,-1,24000572,umol/l,Observation,1.0,APPROVED,3009508,
1000993,Sorbidilat Kps 40mg,-1,1000993,,Pharma,0.4738914668560028,APPROVED,41234726,
1000504,Rapamune Tbl 1mg,-1,1000504,,Pharma,0.4943176209926605,APPROVED,19034752,
1,Digoxin inj 0.25 mg/ml,-1,1,,Pharma,0.6627776622772217,APPROVED,1326432,
1001063,KCL ret. Hausmann Drg 10mmol (745mg),-1,1001063,,Pharma,0.21543845534324646,AUTO_MAPPED_TO_1,43658179,
1000487,Prednison Tbl 5 mg,-1,1000487,,Pharma,0.5848014950752258,APPROVED,1551198,
1000388,Atrovent Inhal Lsg 0.25 mg/2ml,-1,1000388,,Pharma,0.3797624409198761,APPROVED,44041407,
1000675,Diflucan Susp Forte,-1,1000675,,Pharma,0.5543329119682312,AUTO_MAPPED_TO_1,19034537,
24000833,Potassium [Moles/volume] in Blood,-1,24000833,mmol/l,Observation,1.0,APPROVED,3005456,
1000569,K-Phosphat Perfusor,-1,1000569,,Pharma,0.4638917148113251,AUTO_MAPPED_TO_1,40741559,
1000775,Trileptal Tbl 600 mg,-1,1000775,,Pharma,0.6797881722450256,APPROVED,19068757,
2610,Positive end expiratory pressure,-1,2610,cmH2O,Observation,1.0,APPROVED,3016226,
1001035,Certican Tbl.à 0.25 mg,-1,1001035,,Pharma,0.21847565472126007,APPROVED,21134559,
1001041,Intratect10% Inf Lsg  5 g/50 ml,-1,1001041,,Pharma,0.181755930185318,AUTO_MAPPED_TO_1,4306250,
1001094,Quetiapin Tbl 100 mg,-1,1001094,,Pharma,0.47738489508628845,APPROVED,41234111,
1000353,Diflucan Kps 200 mg,-1,1000353,,Pharma,0.5399208664894104,APPROVED,19034582,
1000568,K-Cl-Perfusor,-1,1000568,,Pharma,0.44506415724754333,AUTO_MAPPED_TO_1,36309294,
1000389,Atrovent N Dosieraerosol,-1,1000389,,Pharma,0.4732421934604645,APPROVED,1112921,
24000573,Creatinine [Moles/volume] in Urine,-1,24000573,umol/l,Observation,1.0,APPROVED,3009508,
1000901,Digoxin Tabl 0.125 mg,-1,1000901,,Pharma,0.8558176755905151,APPROVED,1326409,
1000488,Prednison Tbl 50 mg,-1,1000488,,Pharma,0.5877095460891724,APPROVED,1551200,
3845,Ventilator mode,-1,3845,Categorical,Observation,0.7775093913078308,APPROVED,3025439,
1000395,Kalium Phosphat,-1,1000395,,Pharma,0.7076496481895447,APPROVED,19027362,
24000867,Potassium [Moles/volume] in Blood,-1,24000867,mmol/l,Observation,1.0,APPROVED,3005456,
1000892,CellCept Amp 500 mg,-1,1000892,,Pharma,0.7200395464897156,APPROVED,19004039,
1000774,Trileptal Tbl 300 mg,-1,1000774,,Pharma,0.6610011458396912,APPROVED,19068370,
1000276,ATG Fresenius 100mg/5 ml,-1,1000276,,Pharma,0.4238707721233368,AUTO_MAPPED_TO_1,40891282,
20003200,Sodium [Moles/volume] in Urine,-1,20003200,mmol/l,Observation,1.0,APPROVED,3003181,
1000600,Remeron Tbl 30 mg,-1,1000600,,Pharma,0.4851381182670593,APPROVED,725173,
431,Cordarone inj 50 mg/ml,-1,431,,Pharma,0.5157952308654785,APPROVED,1309996,
260,Ventolin inhal 0.5% 5 mg/ml,-1,260,,Pharma,0.4254119396209717,APPROVED,1154655,
1000836,Kalium Phosphat für Perfusor,-1,1000836,,Pharma,0.40949735045433044,APPROVED,42479213,
1000323,Distraneurin Mixt 500 mg/10 ml,-1,1000323,,Pharma,0.37033700942993164,AUTO_MAPPED_TO_1,41266375,
1000510,Prograf Kps 1mg,-1,1000510,,Pharma,0.5144044160842896,APPROVED,19010270,
151,Prednisolone tabl 20 mg,-1,151,,Pharma,0.8040652275085449,APPROVED,19092830,
1001175,Levetiracetam Inf Lsg,-1,1001175,,Pharma,0.5745006203651428,APPROVED,42629456,
2410,Expiratory tidal volume,-1,2410,ml,Observation,1.0,APPROVED,21490752,
20000400,Sodium [Moles/volume] in Blood,-1,20000400,mmol/l,Observation,1.0,APPROVED,3000285,
1000874,Seroquel Tbl 25mg,-1,1000874,,Pharma,0.640699028968811,APPROVED,766815,
1000394,Phoscap Phosphat-Kps,-1,1000394,,Pharma,0.36212411522865295,AUTO_MAPPED_TO_1,4125861,
24000754,Urea [Moles/volume] in Urine,-1,24000754,mmol/l,Observation,1.0,APPROVED,3012898,
1000730,CellCept Susp,-1,1000730,,Pharma,0.7903243899345398,APPROVED,40130963,
1000193,Na- Bicarbonat 8.4%,-1,1000193,,Pharma,0.41069215536117554,AUTO_MAPPED_TO_1,4285456,
1001031,Sandimmun Neoral Kps 10 mg,-1,1001031,,Pharma,0.5038806796073914,AUTO_MAPPED_TO_1,42947989,
1000082,K-Pi conc,-1,1000082,,Pharma,0.4281671345233917,UNCHECKED,35157539,
1000538,Becozym forte Drag,-1,1000538,,Pharma,0.39255422353744507,AUTO_MAPPED_TO_1,37397360,
1001074,Quetiapin Tbl 25 mg,-1,1001074,,Pharma,0.4921650290489197,APPROVED,41140464,
1000268,Cordarone Tbl 200 mg,-1,1000268,,Pharma,0.575987696647644,APPROVED,19133832,
1000571,Na-Bicarbonat 1.4%,-1,1000571,,Pharma,0.44062119722366333,APPROVED,939682,
1000482,Dipiperon Tbl 40 mg,-1,1000482,,Pharma,0.4206661283969879,APPROVED,43135088,
1000370,Haldol Inj Lsg 5 mg/ml,-1,1000370,,Pharma,0.4339800179004669,AUTO_MAPPED_TO_1,35603244,
2400,Tidal volume setting,-1,2400,ml,Observation,1.0,APPROVED,3012410,
1000729,Na-Posph conc,-1,1000729,,Pharma,0.3734795153141022,AUTO_MAPPED_TO_1,4077456,
1000786,CellCept Kps 250 mg,-1,1000786,,Pharma,0.5852168798446655,APPROVED,19004061,
1000448,CellCept Tbl 500 mg,-1,1000448,,Pharma,0.6485176086425781,APPROVED,19004039,
24000526,Carboxyhemoglobin/Hemoglobin.total in Arterial blood,-1,24000526,%,Observation,1.0,APPROVED,3028653,
1000546,NaCl 2.5%,-1,1000546,,Pharma,0.4650058150291443,APPROVED,21103598,
1000882,Benerva Tbl 100 mg,-1,1000882,,Pharma,0.5333079099655151,APPROVED,19007685,
1000821,Cordarone Perfusor,-1,1000821,,Pharma,0.5736509561538696,APPROVED,1309944,
1000780,Risperdal Tbl 1 mg,-1,1000780,,Pharma,0.649139404296875,APPROVED,19004693,
1001153,Haemocomplettan P 2g,-1,1001153,,Pharma,0.554232120513916,APPROVED,41235085,
1000478,Phenhydan Inf Lsg 750 mg,-1,1000478,,Pharma,0.3279825448989868,AUTO_MAPPED_TO_1,43797982,
1000875,Seroquel Tbl 100 mg,-1,1000875,,Pharma,0.6931977272033691,APPROVED,766816,
3110,Peak inspiratory pressure,-1,3110,cmH2O,Observation,1.0,APPROVED,4101694,
1000090,NaCl conc Amp 14.5%,-1,1000090,,Pharma,0.4149588942527771,APPROVED,36885170,
1000676,Keppra,-1,1000676,,Pharma,0.7838436961174011,APPROVED,40052546,
1000310,Sandimmun 50 mg/ml,-1,1000310,,Pharma,0.7120674848556519,APPROVED,35606030,
1000701,VIII: Haemete HS,-1,1000701,,Pharma,0.5272986888885498,AUTO_MAPPED_TO_1,4236767,
1000740,Becotal Inj Lsg,-1,1000740,,Pharma,0.3569756746292114,AUTO_MAPPED_TO_1,3051441,
24000330,Aspartate aminotransferase [Enzymatic activity/volume] in Serum or Plasma,-1,24000330,U/l,Observation,1.0,APPROVED,3013721,
3200,Plateau pressure,-1,3200,cmH2O,Observation,1.0,APPROVED,36304439,
1001055,Kochsalz Tbl 1g,-1,1001055,,Pharma,0.4321921467781067,AUTO_MAPPED_TO_1,43761183,
1000316,Seropram Tbl 20 mg,-1,1000316,,Pharma,0.3378619849681854,AUTO_MAPPED_TO_1,19085387,
1000537,Beco 5 Inj Lsg,-1,1000537,,Pharma,0.31605133414268494,AUTO_MAPPED_TO_1,42035192,
24000548,Hemoglobin [Mass/volume] in Arterial blood,-1,24000548,g/L,Observation,1.0,APPROVED,3002173,
1000314,Sandimmun Neoral Trinklsg 100 mg,-1,1000314,,Pharma,0.4631253182888031,APPROVED,42947989,
1000515,Benerva Tbl 300 mg,-1,1000515,,Pharma,0.546537458896637,APPROVED,19007686,
1000756,Keppra 500 mg Amp. i.v,-1,1000756,,Pharma,0.5470955967903137,AUTO_MAPPED_TO_1,711586,
1000945,Remeron subligual 15 mg,-1,1000945,,Pharma,0.5225200057029724,APPROVED,725172,
1000926,Madopar LIQ Tbl 62.5,-1,1000926,,Pharma,0.37862661480903625,AUTO_MAPPED_TO_1,19092268,
11,Atropine Sulfat Sintetica inj 0.5 mg/ml,-1,11,,Pharma,0.5636163353919983,APPROVED,40243418,
1001187,II;VII;IX;X;C;S: Beriplex P/N 500 TS Inj Lsg,-1,1001187,,Pharma,0.11020106822252274,AUTO_MAPPED_TO_1,40171590,
1001002,Citalopram Tbl 20mg,-1,1001002,,Pharma,0.5043171644210815,APPROVED,797636,
1000421,Magnesium Sulfat 50% 10 ml,-1,1000421,,Pharma,0.6529078483581543,APPROVED,42873356,
3000,Mean inspiratory airway pressure,-1,3000,cmH2O,Observation,1.0,APPROVED,21490651,
1000857,Ketalar Perfusor,-1,1000857,,Pharma,0.5997958183288574,APPROVED,785649,
1000371,Haldol Trpf 2mg/ml,-1,1000371,,Pharma,0.49241024255752563,APPROVED,19031152,
1000516,Benerva Inj Lsg 100mg/1 ml,-1,1000516,,Pharma,0.3671855628490448,AUTO_MAPPED_TO_1,19007685,
1000311,Sandimmun Neoral Kps 100 mg,-1,1000311,,Pharma,0.5198888182640076,APPROVED,42947989,
1000534,Orfiril Inj Lösung,-1,1000534,,Pharma,0.44605380296707153,APPROVED,1593786,
320,Ventilator rate,-1,320,/min,Observation,1.0,APPROVED,3007469,
1000982,Trittico Tbl 50 mg,-1,1000982,,Pharma,0.33134180307388306,APPROVED,44079441,
1000285,Akineton Inj Lsg 5 mg/ml,-1,1000285,,Pharma,0.37910395860671997,APPROVED,43656933,
20004200,Bicarbonate [Moles/volume] in Arterial blood,-1,20004200,mmol/l,Observation,1.0,APPROVED,3008152,
1000787,Moduretic mite Tabl 50/2.5,-1,1000787,,Pharma,0.3790477514266968,AUTO_MAPPED_TO_1,19129687,
1000755,II;VII;IX;X;C;S: Beriplex P/N 500 TS Inj Lsg,-1,1000755,,Pharma,0.11020106822252274,AUTO_MAPPED_TO_1,40171590,
1000420,Magnesiocard 5 mmol sachet,-1,1000420,,Pharma,0.6079689860343933,AUTO_MAPPED_TO_1,40922136,
20002600,Alanine aminotransferase [Enzymatic activity/volume] in Serum or Plasma,-1,20002600,U/l,Observation,1.0,APPROVED,3006923,
1000511,Prograf Kps 5 mg,-1,1000511,,Pharma,0.4528438448905945,APPROVED,19010291,
1000070,Mg-Sulfat conc,-1,1000070,,Pharma,0.3883270025253296,AUTO_MAPPED_TO_1,43014032,
239,Haloperidol inj 2.5 mg/ml,-1,239,,Pharma,0.6465856432914734,APPROVED,41201926,
1000597,Calciparine,-1,1000597,,Pharma,0.6253561973571777,APPROVED,44057101,
15001552,Ventilator Airway Code,-1,15001552,Categorical,Observation,0.6699326634407043,UNCHECKED,3028928,
150,Pulmonary artery systolic pressure,-1,150,mmHg,Observation,1.0,APPROVED,3005606,
1000983,Trittico Tbl 100 mg,-1,1000983,,Pharma,0.2787783741950989,AUTO_MAPPED_TO_1,42972229,
1000772,Madopar DR Tbl 200 mg,-1,1000772,,Pharma,0.467143714427948,AUTO_MAPPED_TO_1,35630272,
304,Phenhydan tabl 100 mg,-1,304,,Pharma,0.5490841865539551,APPROVED,43779143,
1000687,Calciumchlorid 5%,-1,1000687,,Pharma,0.48803889751434326,APPROVED,36892265,
1000841,Argatra Inf Lsg,-1,1000841,,Pharma,0.3659255802631378,APPROVED,40220924,
1000798,II;VII;IX;X;C;S: Beriplex P/N 500 TS Inj Lsg,-1,1000798,,Pharma,0.11020106822252274,AUTO_MAPPED_TO_1,40171590,
1000451,Fraxiparine,-1,1000451,,Pharma,0.6678906083106995,APPROVED,40062748,
1000281,Imurek Tabl 50 mg,-1,1000281,,Pharma,0.4241178035736084,AUTO_MAPPED_TO_1,19007424,
1000796,Lyrica Kps 75 mg,-1,1000796,,Pharma,0.4558120667934418,APPROVED,19123173,
24000524,Lactate [Mass/volume] in Arterial blood,-1,24000524,mmol/l,Observation,1.0,APPROVED,3035561,
1000728,Catapresan 25µg /ml Perfusor,-1,1000728,,Pharma,0.2710235118865967,APPROVED,21042461,
1001045,Madopar Tbl 125 mg,-1,1001045,,Pharma,0.49391740560531616,AUTO_MAPPED_TO_1,35630272,
170,Pulmonary artery diastolic pressure,-1,170,mmHg,Observation,1.0,APPROVED,3017188,
20004300,Bilirubin.total [Moles/volume] in Serum or Plasma,-1,20004300,umol/l,Observation,1.0,APPROVED,3006140,
1000846,Lyrica Kps 25 mg,-1,1000846,,Pharma,0.445044606924057,APPROVED,19123167,
1000266,PK-Merz 500 ml,-1,1000266,,Pharma,0.6205390691757202,APPROVED,42963214,
230,Phenhydan inj 50 mg/ml 5 ml,-1,230,,Pharma,0.4139729142189026,APPROVED,43861533,
1000290,Ca-Acetat-Phopshatbinder 400 mg,-1,1000290,,Pharma,0.26473748683929443,AUTO_MAPPED_TO_1,19097872,
1000462,Noradrenalin 1mg/ml,-1,1000462,,Pharma,0.6320638656616211,AUTO_MAPPED_TO_1,4150617,
1000404,Refludan Trockensubst 50 mg,-1,1000404,,Pharma,0.5353573560714722,APPROVED,21082680,
1000831,Fraxiparine 0.3 ml s/c,-1,1000831,,Pharma,0.4408826529979706,AUTO_MAPPED_TO_1,41405836,
1000312,Sandimmun Neoral Kps 50 mg,-1,1000312,,Pharma,0.47920188307762146,APPROVED,19010488,
1000476,Marcoumar Tbl,-1,1000476,,Pharma,0.5179429650306702,AUTO_MAPPED_TO_1,35624276,
1000533,Orfiril Sirup,-1,1000533,,Pharma,0.457409530878067,APPROVED,40154898,
800,Pulmonary artery wedge pressure,-1,800,mmHg,Observation,1.0,APPROVED,21490776,
1000782,Efexor Kps 75 mg,-1,1000782,,Pharma,0.5103561878204346,APPROVED,19039822,
380,Catapresan Tabl 150 mikrogr,-1,380,,Pharma,0.40332117676734924,AUTO_MAPPED_TO_1,44171124,
24000549,Methemoglobin/Hemoglobin.total in Arterial blood,-1,24000549,%,Observation,1.0,APPROVED,3006217,
1000406,Madopar LIQ 125 mg Tbl,-1,1000406,,Pharma,0.35147473216056824,AUTO_MAPPED_TO_1,45775133,
1000,Cardiac output,-1,1000,l/min,Observation,1.0,APPROVED,3005555,
1000280,Imurek Stechamp. 50 mg,-1,1000280,,Pharma,0.3112339377403259,APPROVED,43854170,
1000832,Fraxiparine 0.4 ml s/c,-1,1000832,,Pharma,0.49818480014801025,AUTO_MAPPED_TO_1,43611945,
24000560,Bilirubin.direct [Mass/volume] in Serum or Plasma,-1,24000560,umol/l,Observation,1.0,APPROVED,3027597,
1000595,Zyprexa Filmtbl. 5 mg,-1,1000595,,Pharma,0.46397367119789124,APPROVED,19016799,
1000620,Neupogen 48 Mio U,-1,1000620,,Pharma,0.6464052796363831,AUTO_MAPPED_TO_1,35630299,
1000494,Protamin 1000 Inj Lsg,-1,1000494,,Pharma,0.32249894738197327,APPROVED,43801163,
1000899,Creon Kps,-1,1000899,,Pharma,0.567610502243042,AUTO_MAPPED_TO_1,42539319,
1000409,Nozinan Tbl 25 mg,-1,1000409,,Pharma,0.4215989112854004,APPROVED,43168936,
1000656,Noradrenalin 100 µg/ml Perfusor,-1,1000656,,Pharma,0.32252275943756104,UNCHECKED,4028924,
1000291,Calcium Sandoz FF Brausetabl 1000 mg,-1,1000291,,Pharma,0.39926648139953613,AUTO_MAPPED_TO_1,43282226,
1000779,Lamictal Tbl 100 mg,-1,1000779,,Pharma,0.5532059669494629,APPROVED,19006207,
200,Heart rate,-1,200,/min,Observation,1.0,APPROVED,3027018,
20000300,pH of Arterial blood,-1,20000300,,Observation,1.0,APPROVED,3019977,
1000619,Neupogen 30 Mio U,-1,1000619,,Pharma,0.7215142250061035,AUTO_MAPPED_TO_1,35630299,
4200,Mixed venous oxygen saturation,-1,4200,%,Observation,1.0,APPROVED,3018465,
1000793,Glypressin Inj Lsg,-1,1000793,,Pharma,0.46615108847618103,APPROVED,42479001,
1000410,Nozinan Inj Lsg,-1,1000410,,Pharma,0.325544148683548,AUTO_MAPPED_TO_1,3051441,
1001010,Cyklokapron Infusion,-1,1001010,,Pharma,0.8129322528839111,APPROVED,42629303,
1000833,Fraxiparine 0.6 ml s/c,-1,1000833,,Pharma,0.5079998970031738,AUTO_MAPPED_TO_1,43594208,
1000292,Calcium Sandoz Lsg 10% 10 ml,-1,1000292,,Pharma,0.46562620997428894,AUTO_MAPPED_TO_1,35615508,
410,Core body temperature,-1,410,°C,Observation,1.0,APPROVED,3025926,
24000519,Sodium [Moles/volume] in Blood,-1,24000519,mmol/l,Observation,1.0,APPROVED,3000285,
1000657,Noradrenalin 20 µg/ml Perfusor,-1,1000657,,Pharma,0.3215804398059845,APPROVED,19111068,
1001061,Haemopressin TS Inj Lsg,-1,1001061,,Pharma,0.3710533082485199,AUTO_MAPPED_TO_1,37392249,
700,Central venous pressure,-1,700,mmHg,Observation,1.0,APPROVED,21490675,
1000170,Trace elements,-1,1000170,,Pharma,0.7007431387901306,UNCHECKED,37393478,
20002700,Alkaline phosphatase [Enzymatic activity/volume] in Blood,-1,20002700,U/l,Observation,1.0,APPROVED,3001110,
1000834,Fraxiparine 0.8 ml s/c,-1,1000834,,Pharma,0.5109984278678894,AUTO_MAPPED_TO_1,43648360,
1000376,Octagam Inf Lsg,-1,1000376,,Pharma,0.4221789538860321,APPROVED,40220559,
1000649,Adrenalin 20 µg/ml Perfusor,-1,1000649,,Pharma,0.3268248438835144,AUTO_MAPPED_TO_1,4028924,
7100,Rectal temperature,-1,7100,°C,Observation,1.0,APPROVED,3022060,
27,Cyklokapron inj 100 mg/ml,-1,27,,Pharma,0.8049638867378235,APPROVED,42629305,
20001200,Carbon dioxide [Partial pressure] in Arterial blood,-1,20001200,mmHg,Observation,1.0,APPROVED,3027946,
24000658,Sodium [Moles/volume] in Blood,-1,24000658,mmol/l,Observation,1.0,APPROVED,3000285,
24000400,Glucose [Moles/volume] in Cerebral spinal fluid,-1,24000400,mmol/l,Observation,1.0,APPROVED,3020044,
1000540,$  name session,-1,1000540,,Pharma,0.24984832108020782,AUTO_MAPPED_TO_1,3046832,
15001441,Central venous pressure,-1,15001441,mmHg,Observation,1.0,APPROVED,21490675,
400,Axillary temperature,-1,400,°C,Observation,1.0,APPROVED,3025085,
1000863,Clexane 0.2 ml s/c,-1,1000863,,Pharma,0.38103458285331726,APPROVED,43264758,
1000658,Noradrenalin 10 µg/ml Bolus,-1,1000658,,Pharma,0.32796943187713623,AUTO_MAPPED_TO_1,4150617,
24000741,pH of Body fluid,-1,24000741,,Observation,1.0,APPROVED,3018672,
1001042,Intratect10% Inf Lsg 10 g/100ml,-1,1001042,,Pharma,0.25927823781967163,APPROVED,35782405,
1000396,Kalium Chlorid 15% 10 ml,-1,1000396,,Pharma,0.3523005545139313,APPROVED,19027661,
1000453,Na-Bicarbonat Inf Lsg 8.4%,-1,1000453,,Pharma,0.32479873299598694,APPROVED,939801,
24000835,Sodium [Moles/volume] in Blood,-1,24000835,mmol/l,Observation,1.0,APPROVED,3000285,
1000650,Adrenalin 100 µg/ml Perfusor,-1,1000650,,Pharma,0.3278141915798187,AUTO_MAPPED_TO_1,4028924,
1000080,K-Cl conc,-1,1000080,,Pharma,0.4689023196697235,APPROVED,40075755,
1000864,Clexane 0.4 ml s/c,-1,1000864,,Pharma,0.40155088901519775,APPROVED,43281164,
960,Central venous pressure,-1,960,mmHg,Observation,1.0,APPROVED,21490675,
71,Adrenalin  1mg/ml,-1,71,,Pharma,0.358749121427536,APPROVED,46275920,
20000200,Oxygen [Partial pressure] in Arterial blood,-1,20000200,mmHg,Observation,1.0,APPROVED,3027801,
1001026,Privigen 20g Inf Lsg,-1,1001026,,Pharma,0.39177095890045166,APPROVED,40220574,
24000370,Gamma glutamyl transferase [Enzymatic activity/volume] in Serum or Plasma,-1,24000370,U/l,Observation,1.0,APPROVED,3026910,
1000612,Kalium-Chlorid Sirup,-1,1000612,,Pharma,0.4490916132926941,APPROVED,19049105,
20000110,Platelets [#/volume] in Blood,-1,20000110,G/l,Observation,1.0,APPROVED,3007461,
24000866,Sodium [Moles/volume] in Blood,-1,24000866,mmol/l,Observation,1.0,APPROVED,3000285,
100,Invasive systolic arterial pressure,-1,100,mmHg,Observation,1.0,APPROVED,21490853,
210,ST elevation,-1,210,mm,Observation,1.0,APPROVED,4064882,
1000865,Clexane 0.8 ml s/c,-1,1000865,,Pharma,0.4202512502670288,APPROVED,43286714,
1000655,Adrenalin 10 µg/ml Bolus,-1,1000655,,Pharma,0.31915831565856934,AUTO_MAPPED_TO_1,46275920,
24000587,Amylase [Enzymatic activity/volume] in Body fluid,-1,24000587,U/l,Observation,1.0,APPROVED,3012133,
24000160,MCH [Entitic mass],-1,24000160,pg,Observation,1.0,APPROVED,3035941,
1001043,Intratect10% Inf Lsg 20 g/200ml,-1,1001043,,Pharma,0.2671971917152405,AUTO_MAPPED_TO_1,45960940,
1000398,KCL Retard Zyma Drag,-1,1000398,,Pharma,0.701075553894043,APPROVED,40076512,
211,ST elevation,-1,211,mm,Observation,1.0,APPROVED,4064882,
1000750,Adrenalin 100 µg/ml Bolus,-1,1000750,,Pharma,0.3186960816383362,AUTO_MAPPED_TO_1,46275920,
1000895,Clexane 0.6 ml s/c,-1,1000895,,Pharma,0.415895015001297,APPROVED,43292080,
426,Dobutrex 250 mg/20ml,-1,426,,Pharma,0.5447511672973633,APPROVED,37499146,
24000439,Chloride [Moles/volume] in Blood,-1,24000439,mmol/l,Observation,1.0,APPROVED,3018572,
20000800,Oxygen saturation in Arterial blood,-1,20000800,%,Observation,1.0,APPROVED,3016502,
212,ST elevation,-1,212,mm,Observation,1.0,APPROVED,4064882,
120,Invasive diastolic arterial pressure,-1,120,mmHg,Observation,1.0,APPROVED,21490851,
1000814,Intratect 10g Inf Lsg,-1,1000814,,Pharma,0.20422697067260742,AUTO_MAPPED_TO_1,19117591,
24000170,MCHC [Mass/volume] in Cord blood,-1,24000170,g/L,Observation,1.0,APPROVED,3051314,
1001016,Clexane 1.0 ml s/c,-1,1001016,,Pharma,0.30579107999801636,AUTO_MAPPED_TO_1,43724174,
1000100,Intravenous blood transfusion of packed cells,-1,1000100,,Pharma,1.0,UNCHECKED,4108705,
24000150,MCV [Entitic volume],-1,24000150,fl,Observation,1.0,APPROVED,3024731,
1001025,Privigen 10g Inf Lsg,-1,1001025,,Pharma,0.4459649920463562,APPROVED,40220572,
24000521,Chloride [Moles/volume] in Blood,-1,24000521,mmol/l,Observation,1.0,APPROVED,3018572,
1000441,Corotrop Inj Lsg 1mg/ml 10 ml,-1,1000441,,Pharma,0.24947784841060638,APPROVED,42479551,
1000606,Simdax inf,-1,1000606,,Pharma,0.6024519801139832,APPROVED,40173187,
20001000,Central venous oxygenation saturation,-1,20001000,%,Observation,1.0,APPROVED,3024928,
110,Invasive mean arterial pressure,-1,110,mmHg,Observation,1.0,APPROVED,21490852,
1000757,Simulect Inj Lsg,-1,1000757,,Pharma,0.39175355434417725,APPROVED,46275839,
1000889,Calciparine 12500 E/ 0.5ml,-1,1000889,,Pharma,0.3917105197906494,APPROVED,21086476,
24000678,Ferritin [Mass/volume] in Blood,-1,24000678,ug/l,Observation,1.0,APPROVED,3011961,
1000706,Euphyllin N Perfusor,-1,1000706,,Pharma,0.43344613909721375,APPROVED,40007627,
1001024,Privigen 5g Inf Lsg,-1,1001024,,Pharma,0.38948601484298706,APPROVED,40220575,
24000522,Calcium.ionized [Moles/volume] in Blood,-1,24000522,mmol/l,Observation,1.0,APPROVED,3021119,
1000743,Intravenous blood transfusion of packed cells,-1,1000743,,Pharma,1.0,UNCHECKED,4108705,
1000707,Euphyllin N Bolus,-1,1000707,,Pharma,0.5195963382720947,APPROVED,40007628,
24000737,Central venous oxygenation saturation,-1,24000737,%,Observation,1.0,APPROVED,3024928,
600,Non-invasive systolic arterial pressure,-1,600,mmHg,Observation,1.0,APPROVED,21490779,
24000664,Thyrotropin [Units/volume] in Serum or Plasma,-1,24000664,mU/l,Observation,1.0,APPROVED,3009201,
20005100,Calcium [Moles/volume] in Blood,-1,20005100,mmol/l,Observation,1.0,APPROVED,3005162,
1000698,Aminophyllin BOLUS,-1,1000698,,Pharma,0.8155137300491333,APPROVED,1105775,
1000050,Transfusion of plasma (FFP),-1,1000050,,Pharma,0.6162260174751282,AUTO_MAPPED_TO_1,4028665,
1000267,Aminophyllin 240 mg,-1,1000267,,Pharma,0.9241986274719238,APPROVED,1105869,
20002500,Phosphate [Moles/volume] in Blood,-1,20002500,mmol/l,Observation,1.0,APPROVED,3018913,
1000744,Transfusion of plasma (FFP),-1,1000744,,Pharma,0.6162260174751282,AUTO_MAPPED_TO_1,4028665,
620,Non-invasive diastolic arterial pressure,-1,620,mmHg,Observation,1.0,APPROVED,21490777,
112,Vasopressin inj 20 U/ml,-1,112,,Pharma,0.3591654598712921,APPROVED,35202042,
24000427,Amylase [Enzymatic activity/volume] in Serum or Plasma,-1,24000427,U/l,Observation,1.0,APPROVED,3016771,
1000245,Platelet transfusion,-1,1000245,,Pharma,1.0,AUTO_MAPPED_TO_1,4130829,
24000230,Magnesium [Moles/volume] in Blood,-1,24000230,mmol/l,Observation,1.0,APPROVED,3033836,
113,Vasopressin inf 0.4 U/ml,-1,113,,Pharma,0.3520076870918274,APPROVED,36883391,
610,Non-invasive mean arterial pressure,-1,610,mmHg,Observation,1.0,APPROVED,21490778,
1000201,Platelet transfusion,-1,1000201,,Pharma,1.0,AUTO_MAPPED_TO_1,4130829,
20004100,Urea [Moles/volume] in Venous blood,-1,20004100,mmol/l,Observation,1.0,APPROVED,43534100,
1000799,Haemocomplettan,-1,1000799,,Pharma,0.7030372619628906,AUTO_MAPPED_TO_1,41172603,
24000555,Lipase [Enzymatic activity/volume] in Serum or Plasma,-1,24000555,U/l,Observation,1.0,APPROVED,3004905,
160,Pulmonary artery mean pressure,-1,160,mmHg,Observation,1.0,APPROVED,3028074,
1001152,Haemocomplettan P 1g,-1,1001152,,Pharma,0.563717782497406,APPROVED,41172603,
24000665,Cortisol [Moles/volume] in Serum or Plasma,-1,24000665,nmol/l,Observation,1.0,APPROVED,3036481,
24000608,pH of Cerebral spinal fluid,-1,24000608,,Observation,1.0,APPROVED,3017758,
24000564,Lactate [Moles/volume] in Cerebral spinal fluid,-1,24000564,mmol/l,Observation,1.0,APPROVED,3035999,
